crop_type,area,rainfall,soil_ph,yield,temperature,residue
Wheat,2,620,7.1,4.0,23,1.40
Wheat,3,650,7.2,4.1,24,2.10
Wheat,4,680,7.0,4.3,23,2.85
Wheat,5,700,7.3,4.2,24,3.50
Wheat,6,720,7.1,4.4,23,4.25
Rice,2,1050,6.7,4.5,27,1.60
Rice,3,1100,6.8,4.7,28,2.50
Rice,4,1150,6.6,4.8,27,3.40
Rice,5,1200,6.9,5.0,28,4.30
Rice,6,1250,6.8,5.1,27,5.30
Maize,2,550,6.5,3.5,25,1.10
Maize,3,580,6.6,3.7,25,1.70
Maize,4,600,6.7,3.8,26,2.35
Maize,5,630,6.5,4.0,25,3.10
Maize,6,650,6.6,4.1,26,3.90
Wheat,7,730,7.2,4.5,24,5.00
Wheat,8,750,7.1,4.6,23,5.80
Wheat,9,780,7.3,4.7,24,6.70
Wheat,10,800,7.2,4.8,23,7.60
Rice,7,1300,6.7,5.2,28,6.30
Rice,8,1350,6.8,5.3,27,7.30
Rice,9,1400,6.9,5.4,28,8.30
Rice,10,1450,6.7,5.5,27,9.30
Maize,7,670,6.6,4.2,26,4.60
Maize,8,690,6.7,4.3,25,5.30
Maize,9,710,6.5,4.4,26,6.10
Maize,10,730,6.6,4.5,25,6.90